Serial Number,Dataset Name,Resource ID,Published Date,Number of Rows,Number of Columns
1,Details of National Highway (NH) projects assigned to private companies under Build-Operate-Transfer (BOT) mode upto 2015 (From: Ministry of Road Transport and Highways) - Andhra Pradesh,ddbc0a17-2b00-4433-982d-07a31e278f59,2026-02-26,308,0
2,Total expenditure incurred execute National Highways (NH) projects across the country from 2012-13 to 2015-16 (From: Ministry of Road Transport and Highways) - Arunachal Pradesh,842e1120-a633-48c7-8025-db9e61090b54,2026-02-25,130,0
3,State-wise construction and progress made in laying of National Highways (NHs) from 2012-13 to 2014-15 (From: Ministry of Road Transport and Highways) - Assam,fd883b96-e479-4291-b4f6-5e2f1f31a92b,2026-02-25,230,0
4,State / UT-wise details of works sanctioned for development of National Highways (NHs) along with the details of the estimates pending during 2015-16 (From: Ministry of Road Transport and Highways) - Bihar,6e8be212-3703-40d2-88e0-bd6f948bb58e,2026-02-25,451,0
5,Statistics of Annual Passenger Water Transport in Maharashtra from 2022-23 to 2024-25,aad4ae5e-5229-496e-8405-4c5b29069e19,2026-02-13,228,0
6,Mode of Transport-wise Number of Persons Died in Road Accidents in All India during 2023 - Chhattisgarh,20f6c383-c15f-4211-ace8-f9422c5459ed,2025-12-03,250,0
7,State/UT/City-wise and Mode of Transport-wise Number of Persons Died in Road Accidents during 2023 - Goa,b9e94cf9-9068-4d8d-a150-bfc6c77fd068,2025-12-03,243,0
8,Staff  Position of Road Transport Corporations in Karnataka for the month of April 2022,0d26b2eb-76ba-432e-9563-de936983d7ab,2025-10-10,270,0
9,Citybus Transport Ahmedabad,98ef8f70-6bb7-4cd9-9716-e0414aef99af,2025-09-14,415,0
10,Public Transport Accessibility : ERODE : 2019,1bf466c0-bd7c-4140-a5f2-fb8c7f8423a3,2025-09-14,411,0
11,Year-wise Revenue Realised from Road Transport (States) from 1950-51 to 2020-21 - Gujarat,8df6de0f-158d-4bed-b8b0-0cb75cff1a7a,2025-09-14,472,0
12,States/UTs-wise and category wise number of Total Registered Transport(Transpot) Motor Vehicles (Category-wise) as on 31.3.2020 - Haryana,dcb91c7b-1292-4c7f-8ac6-b920a485af06,2025-09-13,175,0
13,Carbon Dioxide Emissions From Various Transport Modes In India - Himachal Pradesh,0ab72393-58be-497a-b6cb-2813e613437c,2025-09-13,339,0
14,Year-wise Revenue Realised from Road Transport (Centre) from 2009-10 to 2018-19 - Jharkhand,9ef423d7-0e23-4a3c-b276-5481087e52ed,2025-08-31,290,0
15,Number of Registered Motor Vehicles (Transport &amp; Non-Transport) Jammu &amp; Kashmir from 1996-97 to 1997-1998 - Karnataka,77e2908a-ecea-4afc-8e86-db8bbb16f6e8,2025-08-31,272,0
16,Public Transport Access : AURANGABAD : As on Jan 2019,fb35a0d0-2ff6-4a4b-8b75-2456509fe84a,2025-08-31,374,0
17,Transportation Patna,396bb6cc-8bd2-432f-adf1-a3f57fd179a4,2025-08-31,213,0
18,State-wise Details of the Urban Rail Based Transport Systems That Have Started Functioning/operationalized in the Country from 2014 to 2023 - Kerala,43e98959-62a2-49eb-845f-b0aae25fa81e,2025-03-27,420,0
19,State/UT-wise Details of Urban Rail Based Transport Systems That Are Under Construction in the Country as on 28-11-2023 - Madhya Pradesh,9d5276f3-df17-4c22-bac9-e86ca603dd64,2025-03-27,481,0
20,State/UT-wise Details of Rail Based Urban Transport Systems in the Country That Were Conceptualized and Sanctioned from 2014 to 2023 - Maharashtra,61e78ef4-7344-4c64-b025-d813bebd8038,2025-03-27,325,0
21,"Year-wise Details of Funds released for Initiatives of Model Driving Training Institutes/Centres, Model Inspection and Certification Centres, Public Transport System from 2020-21 to 2022-23 - Manipur",a89a0c25-2e2a-4324-90e1-7f6f5f57f8cd,2025-03-27,124,0
22,"Category-wise Details of 111 Waterways as National Waterways through National Waterways Act, 2016 to Promote Inland Water Transport (IWT) in the Country as on 12-04-2016 - Meghalaya",3edfb9d4-76f4-412a-962b-b44877558a24,2024-11-03,328,0
23,"Crop-wise Details of Quantity Transported/ Stored under Mission for Integrated Development of Horticulture (MIDH) scheme (in Reply to Unstarred Question on 26 July, 2024) - Mizoram",2de0e410-b6f7-4795-95a8-8b1116bcdf50,2024-11-03,431,0
24,Year-wise Total Quantity Transported/ Stored under Mission for Integrated Development of Horticulture (MIDH) scheme from 2020-21 to 2024-25 - Nagaland,dd41785f-7fbd-446f-8399-2a31e40abe10,2024-11-03,320,0
25,"Year-wise Detials of Action taken against Illegal Mining and Storage, Transportation of Minerals from 2019-20 to 2023-24 - Odisha",e8f1388d-f857-4a73-8ea4-4f4222c5355b,2024-05-08,228,0
26,"Project-wise Details of Development of the Inland Water Transport (IWT) Infrastructure on National Waterways in the North-Eastern Region (NER) (in Reply To Unstarred Question On 25 July, 2023) - Punjab",cfef283a-50bc-47d0-a217-f946d621db3a,2024-04-14,200,0
27,Year-wise Budgetary outlay of the Ministry under Road Transport and Safety from 2018-19 to 2022-23 - Rajasthan,6353c594-3fe4-4472-8cfd-c84aabadb01b,2024-04-14,277,0
28,State/UT-wise Details of Fund Released and Utilization under Nirbhaya Framework for Safety of Women on Public Transport from 2017-18 to 2023-24 - Sikkim,adf2bf7c-85d9-4df9-b30f-6f90377a71e7,2024-04-08,68,0
29,Year-wise Details of Funds Utilized by the Ministry for various Road Transport and Road Safety Schemes in the Country from 2018-19 to 2022-23 - Tamil Nadu,e6d3c89a-79f4-4512-8ec4-906babc68cd7,2024-03-22,461,0
30,State/UT-wise Total Number of Road Accidents and Persons Killed in Road Accidents on National Highways during 2015 and 2016 (From: Ministry of Road Transport and Highways) - Telangana,0ea0c67b-57ef-4a2d-9bc0-ab0ddf88bb70,2023-12-14,418,0
31,State/ UT-wise Details of Funds allocated forMmaintenance and Repair of National Highways (NHs) during (in reply to Unstarred Question for 24-07-2017 (From: Ministry of Road Transport and Highways) - Tripura,3dc4ed16-00e4-4f40-ad1c-7a204378d666,2023-12-14,196,0
32,State/ UT-wise Feasibility Studies For New Road Over Bridge (ROBs) (in reply to Unstarred Question for 24-07-2017) (From: Ministry of Road Transport and Highways) - Uttar Pradesh,d8cfa551-1170-45cd-9f0c-693a3fd2230d,2023-12-14,71,0
33,State/ UT-wise Details of Allocation of Funds for Maintenance and Repair (M&R) of National Highways (NHs) from 2014-15 to 2016-17 (From: Ministry of Road Transport and Highways) - Uttarakhand,bc2d3540-c56a-48f3-9e9a-f512737ce297,2023-12-14,379,0
34,State/ UT-wise Details of Maintenance of National Highways (NHs) (in reply to Unstarred Question for 24-07-2017) (From: Ministry of Road Transport and Highways) - West Bengal,be5877a4-5851-4e28-a2a9-3a0b45677cc4,2023-12-14,393,0
35,The details of State Roads approved In-Principle as new National Highways(NHs) in the State of Himachal Pradesh (in reply to Unstarred Question for 24-07-2017) (From: Ministry of Road Transport and Highways),3c38d51c-27cf-4f5d-810c-16830ef42b78,2023-12-14,134,0
36,State/ UT-wise Details of State Roads declared as New National Highways in the Country from 2014-15 to 2017-18 (From: Ministry of Road Transport and Highways) - Andaman and Nicobar Islands,a480c35c-d72d-45c1-89d6-aa1093807ae9,2023-12-14,116,0
37,State/ UT-wise Details of delayed National Highways Projects (in reply to Unstarred Question for 31-07-2017) (From: Ministry of Road Transport and Highways) - Chandigarh,aa80ac50-6d39-4166-804d-686477893bee,2023-12-14,321,0
38,State/ UT-wise List of ROB/RUB under (Setu-Bharatam) (in reply to Unstarred Question for 31-07-2017) (From: Ministry of Road Transport and Highways) - Dadra and Nagar Haveli,271c46e0-31d3-49ad-a9e8-9f04642833f7,2023-12-14,61,0
39,"Status of Buses held by State Road Transport Undertakings (SRTUs) under Accessible India Campaign (in reply to Unstarred Question on 04 March, 2020) (From: Ministry of Social Justice & Empowerment) - Daman and Diu",ee676393-ac02-456c-a3c7-878b46d37f21,2023-12-13,392,0
40,"Details of National Highways under Construction in the Country and Funds Allocated & Released as on 31 December, 2019 (From: Ministry of Road Transport and Highways) - Lakshadweep",d1d563df-dcf7-4aa3-a5d9-5c94ea265074,2023-12-13,59,0
41,Details of Road projects launched in Chhattisgarh from 2015-16 to 2019-20 (From: Ministry of Road Transport and Highways),93eae0ce-919d-4c7b-b97e-b6d16aae8d51,2023-12-13,472,0
42,"State-wise Number of NGOs to whom Road Safety Advocacy Programme has been Sanctioned (in reply to Unstarred Question on 22 July, 2019) (From: Ministry of Road Transport and Highways) - Delhi",271adc45-18da-443d-81f1-364f4cbbcaba,2023-12-12,343,0
43,"State/Agency-wise National Highway Projects delayed due to Land Acquisition (in reply to Unstarred Question on 8th July, 2019) (From: Ministry of Road Transport and Highways) - Puducherry",648c6d38-9c60-4405-b665-5f3938323346,2023-12-11,86,0
44,Year-wise Revenue Generated by Indian Railways for Transporting Coal from 2017-18 to 2021-22 - Ladakh,34edb2b7-2364-4231-abfb-a771304f0eda,2023-12-09,68,0
45,Status of pending Road Projects in West Bengal (In reply to unstarred question for 2nd May 2016)(From : Ministry of Road Transport and Highways),68e98423-3f9c-41ac-bf07-2b1f6a45fe3c,2023-12-07,313,0
46,"Details of Delayed National Highway Projects of National Highways Authority of India (NHAI) Upto May, 2014(From : Ministry of Road Transport and Highways) - Andhra Pradesh",a318d915-9734-45d0-aa1c-28311be3ae23,2023-12-07,409,0
47,Total number of road accident & persons killed at all road crossing during 2014(From : Ministry of Road Transport and Highways) - Arunachal Pradesh,b5259c20-f9dd-41a0-a180-355100040c02,2023-12-07,121,0
48,Causes of road accidents and deaths as on 2014(From : Ministry of Road Transport and Highways) - Assam,d2e87e90-59d6-48d4-b24a-519e268b8906,2023-12-07,492,0
49,Total number of road accidents and persons killed in road accidents due to speed breakers on all roads from 2012 to 2014(From : Ministry of Road Transport and Highways) - Bihar,f4a84aa1-35b3-4e10-887f-763900540d53,2023-12-07,96,0
50,Details of State roads declared as National Highways (NHs) in the country during 2015-16(From : Ministry of Road Transport and Highways) - Chhattisgarh,fea8e3dd-07a7-4048-a4ab-2a24f3fcbe6a,2023-12-07,308,0
51,Sretches put under tolling under BOT (Toll) during 2015-16 (From : Ministry of Road Transport and Highways) - Goa,927b6d48-d5bf-46db-a61e-e350f45782f1,2023-12-07,123,0
52,State/UT-wise Total Number of Persons Killed in Road Accidents in India during 2014 (From: Ministry of Road Transport and Highways) - Gujarat,9ff5b8d2-df11-4217-ae65-faa6f47fed1c,2023-12-07,499,0
53,Toll fee Collected from Different Vehicles in the State of Telangana from 2012-13 to 2016-17 (From: Ministry of Road Transport and Highways),60c2157b-904a-40f0-9949-b9425b8290b5,2023-12-07,205,0
54,Total Number of Road Accidents on all Roads Caused by Stray Animals from 2012 to 2014 (From: Ministry of Road Transport and Highways) - Haryana,ff34312c-ee68-4ae0-93d2-90e45af81f93,2023-12-07,92,0
55,List of on Going Highway Project under Public Private Partnership (PPP) Mode as on April 2016 (From: Ministry of Road Transport and Highways) - Himachal Pradesh,c6ef2760-68ae-4140-ae71-060e6660b716,2023-12-07,126,0
56,"Details of Toll Collecting Agencies on NHs in Tamil Nadu and their Contribution, from 2012-13 to 2015-16 (From: Ministry of Road Transport and Highways)",f799b9a4-f6a2-4190-8ffd-bb5854592533,2023-12-07,98,0
57,State/ UT-wise Total Number of Persons Killed in Road Accidents on National Highways during 2011 to 2015 (Ministry of Road Transport and Highways) - Jharkhand,ca5945ff-9f59-46f3-9c3e-be7ba9b04fad,2023-12-06,162,0
58,State/ UT-wise Number of Road Accidents on National Highways during 2011 to 2015 (Ministry of Road Transport and Highways) - Karnataka,e327b5c0-2b12-45d6-ad1f-1bda4e181792,2023-12-06,445,0
59,Details of ambulance deployed under the Jurisdiction National Highways Authority of India (NHAI) (in reply to Unstarred Question on 25-07-2016) (Ministry of Road Transport and Highways) - Kerala,de09beba-5c39-4d76-98e4-0ddf2dcfdd57,2023-12-06,131,0
60,State/ UT-wise Persons killed due to Intake of Alcohol by Driver of the Vehicle during the calendar year 2015 (Ministry of Road Transport and Highways) - Madhya Pradesh,d3fd2331-fe29-4733-84ae-45d44edcc94c,2023-12-06,54,0
61,Allocation of funds for National Highways (NHs) Financial Year during  2016-17 (Ministry of Road Transport and Highways) - Maharashtra,d7bd2573-b2e1-418a-9955-44ac2950d2f6,2023-12-06,178,0
62,Village-wise Details of Farmers Displaced in Himachal Pradesh due to Kiratpur-Ner Chowk National Highway Project (in reply to Unstarred Question on 18-07-2016 ) (Ministry of Road Transport and Highways),cd246123-5ffd-46d1-87c9-4124ccc5e5b4,2023-12-06,326,0
63,State/ UT-wise Details of Total Number of Road Accidents and Persons Killed in India for the Calendar year during 2015 (Ministry of Road Transport and Highways) - Manipur,ec8ed4fa-fe92-4798-92aa-33f378545237,2023-12-06,124,0
64,The State-wise Details of Projects Approved for Development of State Roads under State Road Fund (CRF) scheme during 2013-14 to 2015-16 (Ministry of Road Transport and Highways) - Meghalaya,2fca5376-7d87-436b-8b8c-ece68851c159,2023-12-06,214,0
65,State/ UT-wise Number of Road Accidents and Persons Killed on National Highways during 2013-15 (Ministry of Road Transport and Highways) - Mizoram,98be2d6a-c689-451b-b5f4-12d59ca90dbe,2023-12-06,357,0
66,State/ UT-wise Funds Allocation and Release under Economic Importance and Inter-State Connectivity (EI & ISC) during 2013-14 to 2015-16 (Ministry of Road Transport and Highways) - Nagaland,7572e4e5-b73f-4012-8f9d-e10d726533aa,2023-12-06,90,0
67,"The State/ UT- wise Details of NHs/ Roads constructed, Including those in the Border States during 2013-14 to 2015-16 (Ministry of Road Transport and Highways) - Odisha",b2b4edbe-d91b-401e-a4ed-22c716c0cd3e,2023-12-06,500,0
68,The State-wise Details of Projects Sanctioned for Development of State Roads under Economic Importance and Inter-State Connectivity (EI & ISC) scheme during 2013-14 to 2015-16 (Ministry of Road Transport and Highways) - Punjab,edc65f34-497f-4731-aa37-b481d7ffc733,2023-12-06,428,0
69,List of National Highway (NH) projects undertaken by Punjab PWD and NHAI in Punjab indicating the status of each project (in reply to Unstarred Question on 17.12.2018) (From : Ministry of Road Transport and Highways),794f1648-d81a-4d95-8cc3-b253e1e4a2e7,2023-12-05,407,0
70,State/UT-wise Number of Persons Injured in Road Accidents in India from 2015 to 2017 (From : Ministry of Road Transport and Highways) - Rajasthan,70d99923-f69f-4211-9d0c-d70a51ceda2d,2023-12-05,432,0
71,State/UT-wise Number of Road Accidents in India from 2015 to 2017 (From : Ministry of Road Transport and Highways) - Sikkim,c22ac018-4202-4f8a-9d1a-73437cf65ef5,2023-12-05,289,0
72,"District-wise Details of Major National Highway Projects Costing More than Rs.100 Crore to be Completed by March, 2019 in the State of Karnataka (in reply to Unstarred Question on 07.01.2019) (From : Ministry of Road Transport and Highways)",bae77e38-4a12-4627-a3f6-56dc27f75088,2023-12-05,186,0
73,Project-wise Details of the ongoing/sanctioned development projects in the state of Kerala (in reply to Unstarred Question on 07.01.2019) (From : Ministry of Road Transport and Highways),8a14f12f-9c87-40f1-a1e0-a065f3275f4e,2023-12-05,108,0
74,State/UT-wise performance of State Road Transport Undertakings from 2013-14 to 2015-16 (From : Ministry of Road Transport and Highways) - Tamil Nadu,d988f8a2-30f1-4f43-b86a-4be316b31dfe,2023-12-05,327,0
75,"Year-wise Land acquired, Total Expenditure incurred by the National Highways Authority of India for acquiring the land and average cost per hectare of land acquisition from 2013-14 to 2017-18 (From : Ministry of Road Transport and Highways) - Telangana",c399c3e8-ef60-4441-9cf8-36ae322ccd19,2023-12-05,168,0
76,Regional Office/State-wise Details of plantation carried out under Harit Rajmarg Scheme as on 30.11.2018 (From : Ministry of Road Transport and Highways) - Tripura,dc500cf4-10d1-40d6-93e7-634d053f6526,2023-12-05,140,0
77,State/UT-wise Details of the Funds allocated and Expenditure incurred for development of National Highways from 2015-16 to 2017-18 (From : Ministry of Road Transport and Highways) - Uttar Pradesh,216a15ef-0fc1-41e3-92a9-fb2a332686d0,2023-12-05,321,0
78,State/UT-wise Persons killed according to Load Condition of Involved Vehicle 2017 (From : Ministry of Road Transport and Highways) - Uttarakhand,0ab20232-be75-40d5-86f6-63e436bd7238,2023-12-05,172,0
79,Reasons for road accidents in India during the calendar year 2017 (From : Ministry of Road Transport and Highways) - West Bengal,d7976414-dd3b-4570-890d-960f6f529eb8,2023-12-05,290,0
80,State/UT-wise Details of the Funds allocated and Expenditure incurred for for Maintenance & Repair work of National Highways from 2015-16 to 2017-18 (From : Ministry of Road Transport and Highways) - Andaman and Nicobar Islands,408316f0-9263-4ef5-a626-2551bc08a066,2023-12-05,220,0
81,Details of Total Land acquired and Total Compensation paid by the NHAI in the country from 2014-15 to 2018-19 (From : Ministry of Road Transport and Highways) - Chandigarh,1d6ea5ae-d001-46a3-89a3-97e4c6e5a80e,2023-12-05,276,0
82,Year-wise Details of State roads notified as New National Highways from 2014-15 to 2018-19 (From : Ministry of Road Transport and Highways) - Dadra and Nagar Haveli,e8f4b614-e0b1-4d1c-92f4-cf48d32f84dc,2023-12-05,253,0
83,Year-wise Allocations of Funds for Development and Maintenance of National Highways for the State of Uttar Pradesh from 2015-16 to 2018-19 (From : Ministry of Road Transport and Highways),16ce42c4-efd8-488e-81fa-8341228e44eb,2023-12-05,153,0
84,State /UT-wise Details of Funds utilized for development of National Highways from 2015-16 to 2017-18 (From : Ministry of Road Transport and Highways) - Daman and Diu,0b1911a9-ed1f-418e-9e91-e42bd393de24,2023-12-05,382,0
85,State-wise Details of the major Projects which are about to get completed by March 2019 (From : Ministry of Road Transport and Highways) - Lakshadweep,691e3729-6693-46b4-9843-fa18cb55ef61,2023-12-05,67,0
86,"State/UT-wise Details of Projects Awarded under Bharatmala Pariyojana (in reply to Starred Question on December 24, 2018) (From : Ministry of Road Transport and Highways) - Delhi",0299870b-e6bb-4e7f-a039-0c9d3c65e9fe,2023-12-05,246,0
87,State/UT-wise Total Number of Persons Killed in Road Accidents in Rural Areas from 2014 to 2016 (From: Ministry of Road Transport and Highways) - Puducherry,c4936861-d455-48e4-a293-8e13a81c5279,2023-12-03,291,0
88,State/UT-wise Total Number of Road Accidents on National Highways from 2014 to 2016 (From: Ministry of Road Transport and Highways) - Ladakh,675bfea3-b102-45a9-b1a3-6619d5436174,2023-12-03,449,0
89,State/UT-wise Total Number of Persons Killed in Road Accidents on National Highways from 2014 to 2016 (From: Ministry of Road Transport and Highways) - Andhra Pradesh,5671303d-83de-449d-a212-46e226d02a21,2023-12-03,414,0
90,State/UT-wise Number of Persons Killed in Road Accidents in India from 2014 to 2016 (From: Ministry of Road Transport & Highways) - Arunachal Pradesh,bae1783c-c1b4-42e6-b0e4-fba68210aa98,2023-12-03,383,0
91,State/UT-wise Number of Persons Injured in Road Accidents in India from 2014 to 2016 (From: Ministry of Road Transport & Highways) - Assam,11e08cc0-02b4-4082-9fc7-b0359d5eb4e1,2023-12-03,395,0
92,State-wise Details of the Ongoing Projects for Construction and Development of the National Highways (in reply to Starred question for 05-03-2018) (From: Ministry of Road Transport and Highways) - Bihar,2bf887f5-809b-488b-9a46-b99f728b2fde,2023-12-03,321,0
93,State/UT-wise Total Number of Persons Injured in Road Accidents from 2015 to 2017 (From : Ministry of Road Transport and Highways) - Chhattisgarh,a4392497-2725-4d50-b00e-92d2cff5ccc3,2023-11-22,293,0
94,Project-wise details of National Highways Projects in various Stages of Progress along with Time Frame for Completion in the State of Andhra Pradesh (in reply to Unstarred Question on 11.02.2019) (From : Ministry of Road Transport and Highways),4a12fbfe-b20e-41bf-a3bc-1f349aa2ca38,2023-11-22,325,0
95,Year-wise details of Rate of National Highway Construction in Terms of km per day from 2009-10 to 2018-19 (From : Ministry of Road Transport and Highways) - Goa,9f4a128a-e5ce-466a-901b-3bfb9a477803,2023-11-21,349,0
96,Year-wise details of Funds Allocated for National Highways Constructed with Concerned State PWD from 2015-16 to 2017-18 (From : Ministry of Road Transport and Highways) - Gujarat,bdc18d95-e765-43aa-a694-f244fc2e2eb6,2023-11-21,412,0
97,Year-wise Progress of the Construction of the National Highways in Kilometres in Kerala and Andhra Pradesh from 2015-16 to 2017-18 (From : Ministry of Road Transport and Highways),5d79c603-b484-4ac8-adf8-0ce9b3bb3a78,2023-11-21,229,0
98,"Work of 4-Laning of Cuttack - Angul - Sambalpur Stretch of NH-42 (new NH-55) in the State of Odisha (in reply to Unstarred Question on 19 September, 2020) (From: Ministry of Road Transport and Highways)",89876304-1a09-4af9-8d1a-f905919e6e15,2023-11-21,319,0
99,Item-wise Fund Allocated for Development of NHs and Expenditure Incurred during 2019-20 and 2020-21 (From: Ministry of Road Transport and Highways) - Haryana,c41971fa-1bea-4b84-9c00-003b02a72bd7,2023-11-21,285,0
100,"State-wise list of HAM Projects which yet to Secure Financial Closure (in reply to Unstarred Question on 19 September, 2020) (From: Ministry of Road Transport and Highways) - Himachal Pradesh",d0205d99-894d-4943-996a-648531ba3a4d,2023-11-21,357,0
101,"Number of NH Projects taken up for Renovation/Repairs/Completion along with Fund Allocation and Expenditure in State of Andhra Pradesh (in reply to Unstarred Question on 19 September, 2020) (From: Ministry of Road Transport and Highways)",b95ca74b-e464-4786-8b2d-c270293e85fb,2023-11-21,198,0
102,Scheme-wise Accrual/Allocation of Funds and Funds Released/Expenditure Incurred under CRIF and EI&ISC Schemes during 2019-20 and 2020-21 (From: Ministry of Road Transport and Highways) - Jharkhand,6ba06106-6a36-4323-9b4c-a5f287c9f52e,2023-11-21,158,0
103,Year-wise Number of Persons Killed in Road Accidents in the Country from 2017 to 2019 (From: Ministry of Road Transport and Highways) - Karnataka,08a14b3a-1768-4317-9d0c-733f7e654021,2023-11-21,317,0
104,"State-wise details of Agricultural Goods which were Transported (in reply to Unstarred Question on 22 September, 2020) (From: Ministry of Communications) - Kerala",0119de85-7e16-42e3-a5b3-32f1e240603c,2023-11-21,414,0
105,"State/UT-wise Overbridges, Small Bridges & Culverts Constructed on NHs (in reply to Unstarred Question on 15 March, 2021) (From: Ministry of Road Transport and Highways) - Madhya Pradesh",d0032e52-fe9e-4986-94ac-150684098fee,2023-11-20,390,0
106,State-wise Number of Toll Plazas in NHs in Existence and Collecting Toll at Present and the Number of Toll Plazas Removed after their Toll Collection Period Expired during 2020-21 (From: Ministry of Road Transport and Highways ) - Maharashtra,da910f3d-10fa-4d1e-86db-0ad881206dd6,2023-11-20,380,0
107,"Port Connectivity Roads under Bharatmala/Sagarmala (in reply to Unstarred Question on 15 March, 2021) (From: Ministry of Road Transport and Highways) - Manipur",d6e0bb99-3b96-4529-9d92-4167d9d9f12a,2023-11-20,311,0
108,Year-wise Total Number of Road Accidents & Persons Killed on all Roads in the Country from 2016 to 2019 (From: Ministry of Road Transport and Highways) - Meghalaya,1280005d-287c-40c9-8b7c-a27c88fc9108,2023-11-20,98,0
109,State/UT-wise National Highways Projects which are under Construction as on Feb-2021 (From: Ministry of Road Transport and Highways) - Mizoram,5834f7ea-d132-4335-8c36-db2df59c1af5,2023-11-20,206,0
110,Year-wise Funds Allocated to Maharashtra for Maintenance of NHs from 2015-16 to 2019-20 (From: Ministry of Road Transport and Highways),9948f84d-6cc4-4cf9-ad35-83ce92a1d8d4,2023-11-20,241,0
111,"Period-wise Illegal Operation of Buses by Enforcement Branch of Transport Department, Government of NCT of Delhi from 01-01-2022 to 30-11-2022",5c7be7df-ec1d-4494-82b9-53a817ffe8aa,2023-11-20,458,0
112,"Corridor-wise Details of the Project under Bharatmala Pariyojana to Strengthen Connectivity through various means of Transport under the Pradhan Mantri Gati Shakti-National Master Plan in Gujarat (in Reply to Unstarred Question on 20 July, 2022)",e7a4263e-5d4a-4ee4-91f6-765b6fe8e87c,2023-11-18,337,0
113,"STU-wise Information in Respect of 61 State Transport Undertakings (STUs) of total Number of Buses and Total Number of Accessible Buses (in reply to Unstarred Question on 27 July, 2022) - Nagaland",6555db57-e758-47b3-bbd8-11466f9b02d3,2023-11-18,339,0
114,"Month-wise Increased Quantity of Coal Transported by the Indian Railways in the Months of March, April, May and June as Compared to the last year during 2021 and 2022 - Odisha",ff78cc91-413a-48be-9940-6b0fc992f7f3,2023-11-18,299,0
115,Year-wise Ditail of Central Assistance for Strengthening Intelligent Transport System (ITS) in Public Transport Scheme from 2016-17 to 2021-22 - Punjab,c6efa453-f039-4408-9241-ef6131abaddc,2023-11-18,204,0
116,"Year-wise Details of the Amount Allocated and Released for Development of Transport Infrastructure in Coalfield Areas, under the Central Sector Scheme of DTIC from 2019-20 to 2022-23 - Rajasthan",7e475918-8b54-4bfc-9414-49706e5c865f,2023-11-09,113,0
117,"State/UT-wise Details of the Registered Electric Vehicles in India as per E-vahan Portal, Ministry of Road Transport and Highways as on 06-03-2023 - Sikkim",3382eae5-e6fd-4e45-be4b-520b3bd0c76d,2023-11-09,140,0
118,State-wise Status of Proposals Received for feasibility study/detailed project report/land acquisition and construction including bypasses on the National Highways from 2012 to 2016 (From :Ministry of Road Transport And Highways) - Tamil Nadu,b7ac3d7c-88cf-4c23-99ba-3f293ffd75ba,2023-10-21,77,0
119,Details of Action taken by National Highways Authority of India (NHAI) on different complaints received against concessionaire in 2015 (From :Ministry of Road Transport And Highways) - Telangana,a8379ada-f143-4dfa-81ba-a2f83ebca7e1,2023-10-21,363,0
120,Detail of Agencies Collecting Fee on Toll Plazas in 2015 (From :Ministry of Road Transport And Highways) - Tripura,527de9d8-9c01-4174-8547-f9714642eea4,2023-10-21,406,0
121,Total Number of Road Accidents on National Highways from 2012 to 2014 (From :Ministry of Road Transport And Highways) - Uttar Pradesh,1257e475-ada8-43e4-b172-287ec0394bb3,2023-10-21,113,0
122,State-wise details of construction of 2/4/6/8 lanes wise National Highways from 2014-15 to 2015-16 (From :Ministry of Road Transport And Highways) - Uttarakhand,63a7bc3d-31d3-4df4-b759-d00870cfb252,2023-10-21,73,0
123,Details of revenue received from public funded toll plazas with NHAI during 2012-15 (From :Ministry of Road Transport And Highways) - West Bengal,1b5d0447-c4f2-4e1f-a7db-6c660e65d4b1,2023-10-21,201,0
124,Details of accidents caused by drivers during 2012 to 2014 (From :Ministry of Road Transport And Highways) - Andaman and Nicobar Islands,31c8a2a4-1979-47be-b82c-a416ce2b01ed,2023-10-21,303,0
125,"State/UT-wise Ongoing Projects for Construction and Development of the National Highways (in reply to Unstarred Question on 25 November, 2019) (From: Ministry of Road Transport and Highways) - Chandigarh",e96c43a1-e790-451c-9d47-e77879156105,2023-10-21,350,0
126,State/UT-wise National Highways Constructed Across the Country during 2019 (From: Ministry of Road Transport and Highways) - Dadra and Nagar Haveli,d6b5d7d5-aed5-44af-8207-a25486132039,2023-10-21,356,0
127,"State-wise Proposals Regarding Development of Inner Parts of the Cities through State PWD for which National Highway Bypasses Approved (in reply to Unstarred Question on 25 November, 2019) (From: Ministry of Road Transport and Highways) - Daman and Diu",dbacff3e-6585-48a7-8326-d666ae795c4c,2023-10-21,259,0
128,State/UT-wise National Highways Constructed Across the Country from 2014-15 to 2018-19 (From: Ministry of Road Transport and Highways) - Lakshadweep,8cba73e1-78a5-479c-b30e-848ea486784d,2023-10-21,490,0
129,Expenditure incurred on National Highways Entrusted with the NHAI from 2014-15 to 2019-20 (From: Ministry of Road Transport and Highways) - Delhi,f36606df-5382-432a-9923-cef1e6f5860c,2023-10-21,158,0
130,State/UT-wise National Highways Constructed Across the Country from 2017-18 to 2019-20 (From: Ministry of Road Transport and Highways) - Puducherry,26834102-2c62-4c90-bf12-dd54b1b78167,2023-10-21,210,0
131,State-wise details of state highways length which have been converted into national highways during 2013-14 to 2015-16(From:Ministry of Road Transport & Highways) - Ladakh,446ce18c-3e54-4d85-910c-37f84fa45b6e,2023-10-20,99,0
132,Number of national highways in the country and their length (in reply to unstarred question on 21-11-2016)(From:Ministry of Road Transport & Highways) - Andhra Pradesh,ea575d0d-bf2b-43e9-bff8-3474831d72d9,2023-10-20,396,0
133,Details of funds released to the states and utilization of fund for setting up of Institute of Driving and Training Research (IDTR) during 2013-14 to 2015-16(From:Ministry of Road Transport & Highways) - Arunachal Pradesh,51e95ec5-54e7-4a8c-a3b8-1f7ce92bf7a3,2023-10-20,397,0
134,Details of funds released to the state sand agencies authorized by the states for setting up of Inspection and Certification (I & C) centre during 2013-14 to 2015-16(From:Ministry of Road Transport & Highways) - Assam,47355f5b-1b33-4e6d-a15f-14438dcb8e52,2023-10-20,180,0
135,State / union territory-wise and lane-wise distribution of NH length in km (provisional) (in reply to unstarred question on 21-11-2016)(From:Ministry of Road Transport & Highways) - Bihar,d624d75f-a732-445e-b444-3a79d51e8a91,2023-10-20,473,0
136,Details of two lane national highways when fee is collected (in reply to unstarred question on 05-12-2016)(From:Ministry of Road Transport & Highways) - Chhattisgarh,6ccb5198-29d4-4d25-9aad-a08d96b53fbe,2023-10-20,268,0
137,The details of funds allocated for maintenance and repair of national highways during 2013-14 to 2015-16(From:Ministry of Road Transport & Highways) - Goa,eaf77a2c-65df-4377-8e69-dcf62d92fd2f,2023-10-20,443,0
138,Scheme-wise Details of Funds Allocated for National Highways Authority of India (NHAI) and Release/Actuals from 2014-15 to 2018-19 (From : Ministry of Road Transport and Highways) - Gujarat,a0f949bd-d1a8-4d35-abef-3faf930eb0fb,2023-10-20,344,0
139,Details of National Highways Works in Tamilnadu (in reply to Unstarred Question on 30 July 2018) (From : Ministry of Road Transport and Highways) - Haryana,44f1a1a8-0945-41b1-b319-eedaba30f4d4,2023-10-20,468,0
140,National Waterways which are Operational/Navigable for Transportation (in reply to Unstarred Question on 30 July 2018) (From : Ministry of Shipping) - Himachal Pradesh,d660895f-096b-41af-bd84-c7af2072451f,2023-10-20,140,0
141,Details of National Highways in Tamil Nadu (in reply to Starred question on 30 July 2018) (From : Ministry of Road Transport and Highways),744914dc-c1d3-4f0d-acdb-a1395e88e629,2023-10-20,268,0
142,"Details of Accidents Occured, Fatalities and Injuries on the NH Stretches in Tamil Nadu from 2015 to 2018 (From : Ministry of Road Transport and Highways)",8b1102ef-5eac-4da4-9451-dc5702e9153b,2023-10-20,80,0
143,Year-wise details of accidents along with the persons who died or got injured on NH-29 from April-2017 to June-18 (From : Ministry of Road Transport and Highways) - Jharkhand,6f9d1ca5-1f54-467e-8266-ef3caebb6692,2023-10-20,302,0
144,State-wise Fund Released for Setting Up of Institute of Driver Training and Research (in reply to Unstarred Question on 23.07.2018) (From : Ministry of Road Transport and Highways) - Karnataka,7d1f5ca1-886d-4289-a264-730de7a282b2,2023-10-20,102,0
145,"State/UT-wise Accidents, persons killed & Injured due to potholes from 2015 to 2017 (From : Ministry of Road Transport and Highways) - Kerala",885ca577-958d-44ab-8eb2-dfd022239089,2023-10-20,278,0
146,State/UT-wise Fund Released for Setting Up of Inspection and Certification Centres (in reply to Unstarred Question on 23.07.2018) (From : Ministry of Road Transport and Highways) - Madhya Pradesh,cdb79e8d-d581-40c1-8423-96b8d407419a,2023-10-20,372,0
147,Green field stretches identified for connecting major industrial and manufacturing hubs (In Reply to Unstarred Question on 23.07.2018) (From : Ministry of Road Transport and Highways) - Maharashtra,a9a99ae2-2d12-47b4-858f-cb0863089486,2023-10-20,218,0
148,Year-wise allocations of funds for development and maintenance of NHs from 2012-13 to 2016-17 (From : Ministry of Road Transport and Highways) - Manipur,7160cf2e-8943-4724-a5a3-c1f95bc9bb91,2023-10-20,368,0
149,State-wise Funds provided to the State Governments under NHARSS for procurement of (BLSA) during 2015-16 (From : Ministry of Road Transport and Highways) - Meghalaya,039cc0ee-70c3-4d70-86b8-fefca90630ef,2023-10-20,238,0
150,Year-wise Total number of persons killed due to potholes in road accidents from 2015 to 2017 (From : Ministry of Road Transport and Highways) - Mizoram,fdc3ce37-5b35-4173-939b-83234ff6a2e8,2023-10-20,170,0
151,Details of National Highways vis-a-vis detail of the districts in the State of Rajasthan (in reply to Unstarred Question on 23.07.2018) (From : Ministry of Road Transport and Highways),b7338d04-9679-451c-8303-708917c2545e,2023-10-20,334,0
152,State-wise financial assistance to State Govts. for purchase of Breath Analyzers during 2015-16 and 2016-17 (From : Ministry of Road Transport and Highways) - Nagaland,6f37e08f-3423-4345-87dc-c8d67095a220,2023-10-20,418,0
153,State/UT-wise length of NHs and their lane-wise distribution (in reply to Unstarred Question on 23.07.2018) (From : Ministry of Road Transport and Highways) - Odisha,0945147c-b5d2-425b-b2dd-cacb5a8b778f,2023-10-20,246,0
154,State/UT-wise Allocation for Repair and Maintenance of National Highways from 2015-16 to 2017-18 (From : Ministry of Road Transport and Highways) - Punjab,1691e29b-a6b3-4f8c-b397-d3e8d363300c,2023-10-20,306,0
155,Year-wise the details of rate of National Highway construction in terms of km per day from 2011-12 to 2017-18 (From : Ministry of Road Transport and Highways) - Rajasthan,06584600-04e5-4449-b91f-871baa2122d4,2023-10-20,353,0
156,State-wise Details of Installed Capacity of Bio-CNG Projects Including Projects Set up under Sustainable Alternative Towards Affordable Transportation (SATAT) Initiative Commissioned as on 31-12-2022 - Sikkim,b1de9e13-c541-4aff-b10c-684799531f4c,2023-07-03,396,0
157,Mode of Transport-wise Number of Persons Died in Road Accidents in India during 2021 - Tamil Nadu,db7d2838-bb30-4bdc-b369-0ab725a28f3e,2023-04-25,276,0
158,Mode of Transport - wise Number of Persons Died in Road Accidents in India during 2020,d77f8da0-1615-4e3b-8060-2273f6d06a63,2023-03-19,144,0
159,Mode of Transport-wise Persons Died in Road Accidents during 2019 - Tripura,2656022b-2dca-492d-923a-4221376c4740,2023-03-19,396,0
160,"State/UT, City & Mode of Transport-wise Persons Died in Road Accidents during 2019 - Uttar Pradesh",b585363e-045f-455a-8648-9923183078ee,2023-03-19,55,0
161,Year-wise Details of Coal Transported through Railways in the Past from 2017-18 to 2021-22 - Uttarakhand,c1e8ef92-b8e8-42b9-850e-3edd57a1897f,2023-03-02,136,0
162,State/UT-wise Total Number of Road Accidents and Road Accidents due to Intake of Alcohol during 2016 (From: Ministry of Road Transport and Highways) - West Bengal,495a9318-040f-4641-b4de-ff8e100fd4c1,2023-02-16,226,0
163,Details of the stretches identified by National Highways and Infrastructure Development Corporation Limited (NHIDCL) (From: Ministry of Road Transport And Highways) - Andaman and Nicobar Islands,75041327-4163-43f7-9f0a-b99068febd3b,2023-01-14,477,0
164,Survey of toll Plazas on Road Projects as on 05.02.2015 (From: Ministry of Road Transport And Highways) - Chandigarh,d342fda5-9b6c-48f9-9844-246058c1625f,2023-01-14,356,0
165,"Project-wise Total Cost Construction of Flyovers/Elevated Corridors Sanctioned on National Highways to Improve Traffic Flow/Transportation in Hyderabad in Different Stages of Bidding/Progress (in reply to Unstarred Question on 3 August, 2022) - Dadra and Nagar Haveli",2b8a7c73-7419-492e-8180-a1d9f16f38be,2023-01-12,107,0
166,"Year-wise Total Accrual/Allocation of Funds and Funds Released/Expenditure Incurred for the Ministry for Central Sector Road, Road Transport Sector and State Roads under the CRIF from 2018-19 to 2020-21 - Daman and Diu",4fa5c385-3ed1-4f06-93f5-e250ba319016,2022-12-25,130,0
167,Toll Tax Collection Centers along with the Details of toll collection contractors & Toll fee collection in the State of Telangana from 2013-14 to 2015-16 (From: Ministry of Road Transport and Highways),e5a66e43-d194-4e37-810a-9c975ab5ce61,2022-11-20,274,0
168,Revenue Realised from Road Transport States from 1950-51 to 2015-16 - Lakshadweep,a8d072a7-ed3f-451c-b7a1-f75d6502f4aa,2022-11-18,353,0
169,"State/UT-wise Cities Selected and Being Funded for Pilot Project of Electric/Hybrid Public Transport (in reply to Unstarred Question on 19 September, 2020) (From: Ministry of Heavy Industries & Public Enterprises) - Delhi",195c1c9f-8881-49b1-a4dc-a8b87edf93c6,2022-11-17,433,0
170,"Subsidiary-wise E-surveillance through GPS based VTS System Provided in (CIL) Subsidiaries to Monitor Movement of Coal Transportation (in reply to Unstarred Question on 28 March, 2022) - Puducherry",ccb8170e-425b-40b8-8c85-6d628fd6b2a0,2022-09-15,277,0
171,Year-wise Expenditures of Transportation of Water from 2019-20 to 2021-22 - Ladakh,848dc7a0-2d39-4b98-9863-c2995bac1199,2022-09-15,405,0
172,State-wise Works Sanctioned by Ministry of Road Transport and Highways in the North Eastern Region from 2016-17 to 2020-21 - Andhra Pradesh,0401b9bf-2898-4b42-b1a4-f127645106fc,2022-07-22,347,0
173,"Year-wise Budget Allocated and Fund Released as Food Subsidy to FCI, Food Subsidy to DCP States and Central Assistance for Expenditure incurred towards Intra-State Transportation and Handling and FPS Dealers Margins from 2017-18 to 2021-22 - Arunachal Pradesh",9b188370-1ab5-4e84-b3e4-2f68f55baff5,2022-07-29,467,0
174,"Category-wise Total Number of Electric Cars and Other Vehicles (Transport and Non-transport vehicles ) in India, as per VAHAN 4.0 (in reply to Unstarred Question on 09 August, 2021) - Assam",0d2dddae-fa47-423f-9fa8-1991bf4b4c31,2022-04-26,184,0
175,Year-wise Registered Illegal Sand Mining/Transportation/Storage & Action taken from 2020-21 and 2021-22 - Bihar,9faa55d7-e617-4307-ae6e-5fad188b85bb,2022-04-26,200,0
176,"State-wise the Projects which are Delayed (in reply to Unstarred Question on 15 March, 2021) (From: Ministry of Road Transport and Highways) - Chhattisgarh",013b0dd1-858a-4294-a039-c653db24312e,2022-02-26,106,0
177,Year-wise Amount Remitted from Tendering of Public Funded Fee Plazas from 2014-15 to 2019-20 (From: Ministry of Road Transport and Highways ) - Goa,9425e7ac-5683-47a6-b6ee-31877f03a932,2022-02-25,470,0
178,"Year-wise Total Amount Collected from Tendering of Fee Plaza (Public Funded, BOT, OMT & TOT) from 2014-15 to 2019-20 (From: Ministry of Road Transport and Highways ) - Gujarat",aa8bc7dc-2a69-4574-ba8c-b3e38c4132f6,2022-02-25,79,0
179,"District-wise the proposed schemes regarding National Highway projects for Punjab (in reply to Unstarred Question on 8 February, 2021) (From: Ministry of Road Transport and Highways)",5571cd78-741c-4a24-98cd-3c1cce92744a,2022-02-26,235,0
180,"Vehicle Category-wise Number of Vehicles ""on road"", Type wise, as per Centralized Vahan 4 Database as on 31st March 2020 (From: Ministry of Road Transport and Highways) - Haryana",acc47f59-14c3-4755-9d50-f7c01219690f,2022-02-25,331,0
181,Funds Disbursed towards Transport Sector by NSTFDC from 2017-18 to 2019-20 (From: Ministry of Tribal Affairs) - Himachal Pradesh,79ea3dad-b306-49f2-b07c-fa2142f8066d,2021-11-23,294,0
182,State/UT-wise Number of National Highways projects which are under construction as on 31.12.2020 (From: Ministry of Road Transport and Highways) - Jharkhand,602b1c88-eb78-4b23-a463-877a9433a880,2021-09-17,477,0
183,State-wise Number of NH and Road Projects relating that are included in National Infrastructure Pipeline and the Capital Outlay for these Projects for the years 2020 to 2024 (From: Ministry of Road Transport and Highways) - Karnataka,b358bfbb-1eee-4e3f-9ebd-956cae5040a7,2022-02-26,478,0
184,"National Waterways Operational with Inland Water Transport during 2019-20 (From: Ministry of Ports, Shipping and Waterways) - Kerala",e35f8a2e-23de-4b23-b6fb-970a962a25b3,2022-02-25,476,0
185,Year-wise Length (Exclusive of Improvement of Riding Quality Programme (IRQP) Works) of New National Highway Constructed in the Entire Country from 2015-16 to 2019-20 (From: Ministry of Road Transport and Highways) - Madhya Pradesh,2b1a78a7-3d44-431c-9551-6dabe51af3ed,2022-02-25,77,0
186,"Work-wise Ongoing National Highway Projects in the State of Chhattisgarh (in reply to Unstarred Question on 15 March, 2021) (From: Ministry of Road Transport and Highways)",365650cc-5846-4035-891b-577e6e485dc8,2022-02-26,71,0
187,"Number of road accidents, persons killed & persons injured in Odisha as per data received from police department from 2017 to 2019 (From: Ministry of Road Transport and Highways)",0fe47e92-a207-497c-90ce-a6f50ff5b9e0,2022-02-26,219,0
188,State-wise Total Length of National Highways (NHs) during 2014 (From: Ministry of Road Transport and Highways) - Maharashtra,cd9799b8-99e1-4fb9-93d5-db09e16f375d,2022-02-26,92,0
189,State-wise NH Projects Completed from April-2014 Onwards (From: Ministry of Road Transport and Highways) - Manipur,391a4e74-a897-4ac1-89ff-142df7dce2e7,2022-02-26,471,0
190,Road Works Upgraded/Renovated and Long Span Bridges (LSBs) Completed Across the Country under various Verticals of PMGSY as on 18.03.2021 (From: Ministry of Road Transport and Highways) - Meghalaya,e9ac070b-9bd8-4a5a-a29c-5200fe19aeaa,2022-02-25,110,0
191,Year-wise Number of Fee Plazas Enabled with FASTag from 2018 to 2021 (From: Ministry of Road Transport and Highways) - Mizoram,a0cb87a6-97d0-4e02-be35-8c2f70c238bd,2022-02-25,107,0
192,Road Safety Audit carried out in Odisha on National Highways from 2018 to 2020 (From: Ministry of Road Transport and Highways),149571ca-e837-4cad-b5df-7d12bc5456e1,2021-12-09,308,0
193,"State/UT-wise Expenditure incurred during COVID-19 Pandemic in 2020-21 since April, 2020 to December, 2020. (From: Ministry of Road Transport and Highways) - Nagaland",e648e17b-22d3-4ec2-97ad-45932bdd9b1c,2021-10-27,115,0
194,Year-wise Road Accidents on all Roads from 2016 to 2019 (From: Ministry of Road Transport and Highways) - Odisha,3e9122cb-179a-47d2-a328-b289ae799da3,2022-02-25,198,0
195,"State/UT-wise NH Length constructed during COVID-19 Pandemic in 2020-21 since April, 2020 to December, 2020 (From: Ministry of Road Transport and Highways) - Punjab",d8248b39-8d72-4e50-8818-178b3bdb8ae1,2021-11-23,472,0
196,State/UT & City-wise Mode of Transport - wise Number of Persons Died in Road Accidents during 2020,83e44846-2468-4998-877c-237e218ece40,2021-12-22,336,0
197,State/UT-wise Details of Funds Allocated/Utilized for development of National Highways from 2016-17 to 2019-20 (From: Ministry of Road Transport and Highways) - Sikkim,74f7ee14-a2bf-4913-a239-1f7f0331d8af,2021-09-23,137,0
198,Year-wise 17 Road Widening and Strengthening Works in 13 National Highways (NHs) Completed and Amount spent on them in Jharkhand from 2015-16 to 2019-20 (From: Ministry of Road Transport and Highways),9c93cd24-d196-4d02-b6a3-b62a43ec1d60,2021-07-28,139,0
199,"Percentage of Foodgrains getting Non-Issuable (Damaged) in FCI during Storage and Transportation due to various Reasons from 2017-18 to 2020-21 (From: Ministry of Consumer Affairs, Food & Public Distribution) - Tamil Nadu",b6527929-223c-440d-8515-92643a3926f2,2021-07-28,110,0
200,State/UT-wise Total Number of Road Accidents due to Drunken Driving in India from 2017 to 2019 (From: Ministry of Road Transport and Highways) - Telangana,433244ce-58af-400a-b3e5-0a9b6276a5a8,2021-07-28,477,0
201,Details of Accrual/Allocation of Funds and Funds Released/Expenditure Incurred under CRIF and EI&ISC Schemes during 2019-20 and 2020-21 (From: Ministry of Road Transport and Highways) - Tripura,b411a5ae-987d-49c7-b32b-eaa4629f883b,2021-07-29,356,0
202,Year-wise details of Projects on NHs Awarded and Length Constructed during 2019-20 and 2020-21 (From: Ministry of Road Transport and Highways) - Uttar Pradesh,4fe1e0b8-0e12-4186-8e80-9462833f9fc7,2021-07-29,126,0
203,Percentage Distribution of Destination Country-wise Departures of Indian National According Mode of Transport during 2019 - Uttarakhand,366f0a62-0744-499f-847e-8d6014571cab,2021-06-24,187,0
204,Nationality-wise Percentage Distribution of Foreign Tourist Arrivals (FTAs) in India by mode of Transport during 2019 - West Bengal,4914bfb2-0748-408f-847d-c81cd18c50c4,2021-06-24,330,0
205,"State/UT-wise State Roads Notified as NHs in the Country during April, 2014 (From: Ministry of Road Transport and Highways) - Andaman and Nicobar Islands",d21486ea-fb20-47df-bee9-6651dde03d3f,2021-03-04,168,0
206,All India level Road Accidents on Highways as per Information Received from Police Departments from 2015 to 2017 (From: Ministry of Road Transport and Highways) - Chandigarh,31026cbf-1b79-43ad-bf14-40ec562a0896,2021-03-04,309,0
207,Number of Road Accidents on National Highways and State Highways from 2015 to 2017 (From: Ministry of Road Transport and Highways) - Dadra and Nagar Haveli,afe22e39-ecd1-4a4d-8141-c6dcba501de6,2021-03-04,339,0
208,"Details of Approved Bharatmala Pariyojana Phase-I in October, 2017 (From: Ministry of Road Transport and Highways) - Daman and Diu",ea0e04e6-611e-4414-a917-0a70ade19a5c,2021-03-04,244,0
209,State/UT-wise Number of Road Accidents on National Highways (NHs) and State Highways (SHs) from 2015 to 2017 (From: Ministry of Road Transport and Highways) - Lakshadweep,087e0ccd-c48a-4c30-bab9-65480dffd779,2021-03-04,434,0
210,Amount Spent on the Construction of National Highways from 2016-17 to 2018-19 (From: Ministry of Road Transport and Highways) - Delhi,9e3c09ea-e883-4c70-86ac-4bb84a21fbbe,2021-03-04,263,0
211,Length of National Highways Constructed from 2016-17 to 2018-19 (From: Ministry of Road Transport and Highways) - Puducherry,1bca6692-53b8-4d6f-aac4-e915843bfd8a,2021-03-04,64,0
212,State-wise Funds Allocated to Ministry of Road Transport & Highways under Nirbhaya Fund from 2017-18 to 2018-19 (From: Ministry of Women and Child Development) - Ladakh,48c17b7f-5ab0-49fb-9414-e83b4acac3ed,2021-03-04,209,0
213,"Number of Road Accidents Occurred, Persons Killed and Injured on National Highways in Rajasthan from 2015 to 2017 (From: Ministry of Road Transport and Highways)",e5071ada-e29c-4432-af06-03aa388b345c,2021-03-04,173,0
214,State/UT-wise Roads Constructed under Central Road Fund (CRF) and EI & ISC schemes from 2016-17 to 2018-19 (From : Ministry of Road Transport and Highways) - Andhra Pradesh,b0f3fe3a-acaf-4498-9449-d4f3561b8ea8,2021-03-04,89,0
215,Number of State Roads Declared as New National Highways from 2016-17 to 2019-20 (From: Ministry of Road Transport and Highways) - Arunachal Pradesh,420ef44d-2596-49aa-915a-6ebe10b2b923,2021-03-04,53,0
216,Number of Accidents on National Highways as per Information Received from Police Departments from 2015 to 2017 (From: Ministry of Road Transport and Highways) - Assam,7797dce8-5aa3-4e3f-8506-3fa42908e16f,2021-03-04,72,0
217,Number of Road Accident in Drunken Driving/Consumption of Alcohol & Drug in India including Uttar Pradesh from 2015 to 2017 (From: Ministry of Road Transport and Highways),02440d25-38d6-4c5f-951e-0eda70889084,2021-03-03,473,0
218,Number of Persons Killed under the Category Potholes as per Information from Police department of all States/UTs during 2016 and 2017 (From: Ministry of Road Transport and Highways) - Bihar,2618984b-6605-45a4-8b3f-366555949b2b,2021-03-03,335,0
219,"Delayed National Highway Projects in the State of Jharkhand (in reply Ustarred Question on 15 July, 2019) (From: Ministry of Road Transport and Highways)",2cd07bf6-4c60-4127-90a5-d2c384103b30,2021-03-03,283,0
220,Number of Persons killed under Construction of the Roads as per Information from Police department of all States/UTs during 2016 and 2017 (From: Ministry of Road Transport and Highways) - Chhattisgarh,d6182e6c-1660-4a16-95fd-d2266ede27fb,2021-03-03,402,0
221,"State/UT Scheme-wise Delayed National Highways Projects Under State PWD (NH(O)/LWE/ES&IC etc.) as on 31st March, 2019 (From: Ministry of Road Transport and Highways) - Goa",fc2a415f-e129-4e7f-a86c-82708058067f,2021-03-03,459,0
222,State/UT-wise Proposals Received for Periodical Renewals (PR)/Improvement of Riding Quality Programme (IRQP) and Proposals Sanctioned from 2016-17 to 2019-20 (From: Ministry of Road Transport and Highways) - Gujarat,04e47291-5544-404a-9fc1-2f7bba5317b6,2021-03-03,166,0
223,Number of road Accidents on National Highways in the Country from 2015 to 2018 (From : Ministry of Road Transport and Highways) - Haryana,3258b37e-0b0a-4b86-9168-763b5fed6e51,2020-01-06,255,0
224,Funds Allocated for the Development and Maintenance of National Highways (NHs) in Karnataka from 2016-17 to 2018-19 (From: Ministry of Road Transport and Highways),b3f220f1-1433-46de-9686-f58a974f487f,2021-03-04,423,0
225,Year-wise total Number of Road Accidents from 1970 to 2018 (From: Ministry of Road Transport and Highways) - Himachal Pradesh,b4ac5480-dab5-46a7-94ba-63c8bac093d9,2021-03-02,389,0
226,Details of NH Length Constructed per day from 2014-15 to 2019-20 (From: Ministry of Road Transport and Highways) - Jharkhand,71b23ed4-7834-4af0-ad22-0338b79cb7be,2021-03-02,219,0
227,Roads Constructed by National Highway Authority of India in the State of Kerala from 2016-17 to 2018-19 (From: Ministry of Road Transport and Highways),18ebe644-c368-448c-9bba-41532722288d,2021-03-02,258,0
228,"State/UT-wise National Highway Projects Including those in Karnataka Facing Time Overrun (Delayed) (in reply to Unstarred Question on 16 March, 2020) (From: Ministry of Road Transport and Highways)",66881819-6347-45dd-8871-aaae0c87f7e1,2021-03-02,56,0
229,"State/UT-wise Total Number of Road Accidents/Death Consequent to the Implementation of the Motor Vehicles (Amendment) Act, 2019 during 2018 and 2019 (From: Ministry of Road Transport and Highways) - Karnataka",93381015-b78a-41f7-8f71-5b5a57841c9f,2021-03-02,371,0
230,"National Highways & Infrastructure Development Corporation Ltd (in reply to Unstarred Question on 02 March, 2020) (From: Ministry of Road Transport and Highways) - Kerala",ccfc561f-20b6-4c21-b57a-186bc3b23cee,2021-03-02,266,0
231,Details of Fatalities in Road Accidents in the Country from 2016 to 2019 (From: Ministry of Road Transport and Highways) - Madhya Pradesh,c1669a07-2040-4a27-bc9a-621f6f758b58,2021-03-02,320,0
232,Details of Land Acquired and Expenditure made by National Highways Authority of India (NHAI) from 2014-15 to 2018-19 (From: Ministry of Road Transport and Highways) - Maharashtra,a011b8fc-7f21-48db-8e60-f6e0d190b4ef,2021-03-04,223,0
233,State/UT and Agency-wise Funds Allocated/Utilized for Maintenance and Repair of NHs from 2016-17 to 2019-20 (From: Ministry of Road Transport and Highways) - Manipur,6afa58f2-ddc5-46c0-b0cd-52af1e6aec6e,2021-03-04,301,0
234,Expenditure under Development and Maintenance over National Highways in the State of Maharashtra from 2016-17 to 2019-20 (From: Ministry of Road Transport and Highways),dfe078d8-9f7d-476e-96b0-ac79d00b8ab1,2020-10-15,162,0
235,Number of Contractual Arbitration Cases Filed from 2015-16 to 2019-20 (From: Ministry of Road Transport and Highways) - Meghalaya,17ee5c49-46d2-421d-be77-8a8813afdb43,2020-10-15,184,0
236,New National Highways Declared in the State of Uttar Pradesh from 2015-16 to 2018-19 (From: Ministry of Road Transport and Highways),7ad29300-18da-4361-8e3b-35d13db61e5a,2020-10-16,480,0
237,Quantity of Cargo Transported by Coastal Shipping (MTPA) from 2016-17 to 2018-19 (From: Ministry of Shipping) - Mizoram,2ada453e-b2bf-411a-bffd-2c10de4eafa5,2020-10-15,449,0
238,Length of National Highways Constructed along with Expenditure Incurred from 2014-15 to 2018-19 (From: Ministry of Road Transport and Highways) - Nagaland,9adf3553-abd7-4984-9716-c308661dcf3d,2020-10-16,337,0
239,National Highways Constructed and Expenditure Incurred from 2014-15 to 2018-19 (From: Ministry of Road Transport and Highways) - Odisha,fcebd2e9-7f55-4916-b373-6f12f40a39cd,2020-10-15,492,0
240,Four Laning Works on NHs Started in the state of Uttar Pradesh is Placed from 2015 to 2019 (From: Ministry of Road Transport and Highways),d569f914-b120-48fa-b0d5-389692129a73,2020-10-16,73,0
241,Construction of National Highways (NHs) in the State of West Bengal from 2016-17 to 2019-20 (From: Ministry of Road Transport and Highways),d2a4e536-3c71-4de7-b529-3a87bc63a7be,2020-10-15,460,0
242,Number of Pedestrians killed under the category of Road User from 2015 to 2018 (From: Ministry of Road Transport and Highways) - Punjab,474839bf-fe2f-4fe4-a1f0-c45938cfc9d4,2020-10-15,220,0
243,Number of Pedestrians Killed under the category of Road User from 2016 to 2018 (From: Ministry of Road Transport and Highways) - Rajasthan,6dd50fa6-7943-4117-8904-5c99e107d000,2020-10-15,224,0
244,State/UT-wise Number of Pedestrians killed under the category of Road User from 2015 to 2018 (From: Ministry of Road Transport and Highways) - Sikkim,7e4e0635-6747-4655-bda1-ea3c8dd84021,2020-10-15,178,0
245,Number of Accidents and Persons Killed due to Stray Animals on Road from 2016 to 2018 (From: Ministry of Road Transport and Highways) - Tamil Nadu,cdcdbe84-fb6a-472f-96e9-b798259787a7,2020-10-15,408,0
246,Detail of Funds Released to National Highways Authority of India (NHAI) from 2017-18 to 2019-20 (From: Ministry of Road Transport and Highways) - Telangana,547a62a5-67cc-4056-bee7-a8a343665629,2020-10-16,66,0
247,The State/UT-wise Funds Allocated Immediate Restoration and for Ensuring Traffic Worthiness of the NHs Damaged due to Rainfall/Floods during 2019-20 (From: Ministry of Road Transport and Highways) - Tripura,a0699785-1525-4dd1-9f61-db50f4f9daea,2020-10-16,135,0
248,Detail of External Budgetary Resources (IEBR) raised by National Highways Authority of India (NHAI) from 2017-18 to 2019-20 (From: Ministry of Road Transport and Highways) - Uttar Pradesh,604192f8-82ec-42c2-9d59-f6559ad20f3e,2020-10-16,181,0
249,Persons Killed According to Load Condition of involved Vehicle during 2017 and 2018 (From: Ministry of Road Transport and Highways) - Uttarakhand,49f534ad-784a-4f1e-9b16-9bd678354541,2020-10-15,128,0
250,Number of Road Accidents and Persons Killed in Road Accidents in India from 2016 to 2018 (From: Ministry of Road Transport and Highways) - West Bengal,c369eb7e-7246-49c3-95a6-21ff372cec5a,2020-10-16,148,0
251,"Funds Allocated for Development and Expenditure of National Highways Entrusted with the PWD (R&B), Government of Telangana from 2014-15 to 2019-20 (From: Ministry of Road Transport and Highways)",cd76332d-676c-4c99-bcc6-96d5cd73608e,2020-10-15,231,0
252,Number of Fatal Road Accidents in the Country from 2016 to 2018 (From: Ministry of Road Transport and Highways) - Andaman and Nicobar Islands,054537b2-ac8c-407f-b2de-c56402b4f234,2020-10-16,130,0
253,State/UT-wise Road Accident Fatalities during 2018 and 2019 (From: Ministry of Road Transport and Highways) - Chandigarh,acf9dc54-a858-4987-a54a-40a76b668f52,2020-10-15,231,0
254,State-wise Financial Assistance Provided by Government of India to State Governments for the Construction of Inter-State Bridges and Roads from 2016-17 to 2019-20 (From: Ministry of Road Transport and Highways) - Dadra and Nagar Haveli,421b6d55-be1b-42ca-94d8-c0808c5da501,2020-10-16,463,0
255,Number of Accidents and Persons killed under the Potholes on all Roads in the Country from 2014 to 2018 (From: Ministry of Road Transport and Highways) - Daman and Diu,97606f2e-d8ee-4f7a-aef6-f39d03841281,2020-10-16,392,0
256,State/UT-wise Road Accident during 2018 and 2019 (From: Ministry of Road Transport and Highways) - Lakshadweep,adf34af8-fee6-48df-8fce-1141dbe5e353,2020-10-15,160,0
257,State-wise Allocation of Funds under Economic Importance and Inter-State Connectivity Scheme during 2019-20 (From: Ministry of Road Transport and Highways) - Delhi,ee63a7a9-966f-4345-9e63-343a7fcf8af8,2020-10-16,262,0
258,Average of the Construction of National Highways from 2014-15 to 2018-19 (From: Ministry of Road Transport and Highways) - Puducherry,940671a6-8101-4a57-9aa3-c4de8bf6da3a,2020-10-16,123,0
259,State/UT-wise Number of Road Accidents under the category of Potholes on All Roads from 2014 to 2018 (From: Ministry of Road Transport and Highways) - Ladakh,31d4cdac-1727-4a4e-9ecc-9446ac1076cc,2020-10-16,372,0
260,State/UT-wise Highway Projects Approved under Bharatmala Pariyojana Phase-I during 2019 (From: Ministry of Road Transport and Highways) - Andhra Pradesh,8ab3f5a6-8a6e-4b23-b71a-0ecb4d9b6054,2020-10-16,118,0
261,State/UT-wise Number of Persons killed under the category of Potholes on Road from 2014 to 2018 (From: Ministry of Road Transport and Highways) - Arunachal Pradesh,474ad069-0063-4ed9-b517-01144d2f7c26,2020-10-16,343,0
262,Length of National Highways Constructed in Delhi - NCR from 2016-17 to 2018-19 (From: Ministry of Road Transport and Highways),94f248cc-3e80-4e17-9f64-21fd39047632,2020-10-16,453,0
263,"State/UT-wise Road Accidents, Persons Killed and injured during 2018 and 2019 (From: Ministry of Road Transport and Highways) - Assam",0b2d71f4-410b-4977-b90e-d420c55b80bd,2020-10-16,76,0
264,NH Projects Proposed to be Executed in Delhi from 2020-21 to 2022-23 (From: Ministry of Road Transport and Highways),1032f02c-ae0d-40e6-9511-9279345a9787,2020-10-16,285,0
265,State/UT-wise Total Number of Road Accidents due to Drunken Driving/Consumption of Alcohol & Drug in India from 2016 to 2018 (From: Ministry of Road Transport and Highways) - Bihar,1546b629-942a-4411-86ae-8bec2b7102b7,2020-10-16,409,0
266,State-wise Length of National Highways Constructed using Rubber Modified Bitumen from 2016-17 to 2019-20 (From: Ministry of Road Transport and Highways) - Chhattisgarh,65abfd02-c756-46d2-962c-309daa535e69,2020-10-16,337,0
267,State/UT-wise Expenditure Incurred in the Development of National Highways from 2016-17 to 2019-20 (From: Ministry of Road Transport and Highways) - Goa,35acc357-e2b7-44cd-9671-5b02f8fd9ea3,2020-10-16,436,0
268,Details of Number of Road Accidents from 2016 to 2018 (From: Ministry of Road Transport and Highways) - Gujarat,901e0533-3d1b-4348-91d0-e2822123b069,2020-10-15,238,0
269,State/UT-wise Total Number of Pedestrians Killed under the category of Road User from 2016 to 2018 (From: Ministry of Road Transport and Highways) - Haryana,058431ff-4caa-4142-8227-a9a061243000,2020-10-13,209,0
270,Number of Fatal Road Accidents on all Roads from 2015 to 2018 (From: Ministry of Road Transport and Highways) - Himachal Pradesh,a184528b-1fba-48cc-8d65-da2661969090,2020-10-13,480,0
271,"Registered Motor Vehicles (Transport and Non-Transport) in Million Plus Cities of India As on 31st March, 2017 - Jharkhand",7c6943eb-6c14-490a-bd67-d47ef50a1a1d,2020-07-03,167,0
272,Revenue Realised from Road Transport (Centre) from 2009-10 to 2016-17 - Karnataka,d25f5173-f1b6-4694-b1f5-0cefe38e2696,2020-07-03,153,0
273,"Details of Registered Motor Vehicles (Transport & Non-Transport) in Million Plus Cities of India As on 31st March, 2017 - Kerala",068c078b-b0c7-493f-86c1-64a5130a4a15,2020-07-06,313,0
274,Freight and Passenger Movement by Road Transport from 1999-2000 to 2016-17 - Madhya Pradesh,1d859e98-f128-4ab3-9101-360511d3dd7f,2020-07-03,400,0
275,Sector-wise Percentage Share of Different Modes of Transport Services in Gross Value Added (GVA) from 2012-13 to 2016-17 - Maharashtra,dc6cc797-5594-4e2c-9d5d-c4ac4356ae6f,2020-07-03,263,0
276,State/UT-wise Number of Newly Registered (Transport) Motor Vehicles during 2016-17 - Manipur,a6d1d45b-8130-426f-958a-89225896c028,2020-07-03,393,0
277,"State/UT-wise Number of Total Registered (Transport) Motor Vehicles as on 31st March, 2017 - Meghalaya",acb8429d-af2a-4bde-af3f-cf9d47b21fdb,2020-07-03,488,0
278,Source of Revenues for the Centre from Road Transport during 2016-17 - Mizoram,21503ae4-e145-440d-b835-ab0b5b8ca27e,2020-07-03,188,0
279,Revenue Realised from Road Transport (States) from 1950-51 to 2016-17 - Nagaland,ee18aec0-f16a-40a7-b31f-f1afead81c76,2020-07-03,158,0
280,"State/UT-wise Number of Total Registered (Non Transport) Motor Vehicles as on 31st March, 2017 - Odisha",b6f298e1-5a10-4fba-8c7a-bdab6401d46d,2020-07-03,284,0
281,State/UT-wise Number of Registered Transport Motor Vehicles during 2016-17 - Punjab,f7300f73-45f5-4f8d-a6f8-5bc663f39252,2020-07-03,115,0
282,State/UT-wise Number of Newly Registered (Non-Transport) Motor Vehicles during 2016-17 - Rajasthan,dafa56b2-e0fc-4d2e-8a22-8791c22f29a8,2020-07-03,402,0
283,State/UT-wise Proposals Received for Development of NHs and Proposals Sanctioned from 2016-17 to 2019-20 (From: Ministry of Road Transport and Highways) - Sikkim,6c35d3a4-fbf7-4a97-a67c-3cdea58c4146,2020-03-30,403,0
284,State/UT-wise Number of Road Accidents due to Drunken Driving/Consumption of Alcohol & Drug from 2015 to 2017 (From: Ministry of Road Transport and Highways) - Tamil Nadu,b9a35417-cd48-422d-ad27-3aaa92bdcda7,2020-03-30,137,0
285,State/UT/Schemes/Agency-wise Details of Funds Allocated and Expenditure Occurred from 2014-15 to 2016-17 (From: Ministry of Road Transport and Highways) - Telangana,bad8e4c5-cb49-4006-8e62-0c4f36e1e392,2020-01-28,375,0
286,State/UT-wise details of National Highways Constructed from 2016-17 to 2018-19 (From : Ministry of Road Transport and Highways) - Tripura,08500b10-0bbd-4ec7-839d-07042b0421e0,2020-01-14,188,0
287,State/UT-wise Details of allocation of Funds and release/Expenditure under Economic Importance (EI) and Inter State Connectivity (ISC) Schemes from 2014-15 to 2017-18 (From : Ministry of Road Transport and Highways) - Uttar Pradesh,9318307d-740e-4c6e-8664-6a20768ccb68,2020-01-16,89,0
288,State/UT-wise Number of persons killed classified under the category of potholes from 2015 to 2017 (From : Ministry of Road Transport and Highways) - Uttarakhand,9d2bf35b-73ba-4535-b389-eaf897865149,2020-01-16,340,0
289,State/UT-wise Funds Allocated for Construction of the National Highways from 2016-17 to 2018-19 (From : Ministry of Road Transport and Highways) - West Bengal,7e57e84d-f4f9-4a17-8654-40af3703aab6,2020-01-14,239,0
290,"State/UT-wise Projects which are under Construction as on 31 March, 2019 (From : Ministry of Road Transport and Highways) - Andaman and Nicobar Islands",548f9ead-4135-4cee-93e7-a2b53aaa529a,2020-01-08,463,0
291,State-wise Number of projects sanctioned and completed under CRF Scheme from 2014-15 to 2017-18 (From : Ministry of Road Transport and Highways) - Chandigarh,f007274f-6b82-401b-a25c-c6878b060008,2019-11-27,185,0
292,State/UT-wise Number of persons injured classified under the category of potholes from 2015 to 2017 (From : Ministry of Road Transport and Highways) - Dadra and Nagar Haveli,8d486083-d495-4008-9ac0-456baaad2da0,2019-11-27,472,0
293,State-wise Number of road accidents from 2014 to 2017 (From : Ministry of Road Transport and Highways) - Daman and Diu,259787ea-25d8-4388-9301-d5153e62d8ec,2019-10-16,464,0
294,State/UT-wise Budgetary allocation for repair and maintenance of National Highways from 2015-16 to 2017-18 (From : Ministry of Road Transport and Highways) - Lakshadweep,31eff02a-042d-437e-b99f-b36b2f661fae,2019-10-15,195,0
295,State-wise Number of projects sanctioned and completed under Economic Importance (EI) and Inter State Connectivity (ISC) Schemes from 2014-15 to 2017-18 (From : Ministry of Road Transport and Highways) - Delhi,9fb3de55-4eaf-42b8-8005-8c9c46e00ab6,2019-10-15,265,0
296,State/UT-wise Number of Persons killed in Road Accidents in India from 2015 to 2017 (From : Ministry of Road Transport and Highways) - Puducherry,597a3a18-e563-4122-a637-7c18b3a0fc40,2019-10-15,351,0
297,State/UT-wise Details of accrual/allocation and release of Funds under CRF Scheme from 2014-15 to 2017-18 (From : Ministry of Road Transport and Highways) - Ladakh,50847e8d-ee5a-4e6e-acfe-33258ba3404d,2019-10-01,212,0
298,Year-wise length constructed along with the pace of construction from 2009-10 to 2013-14 (From : Ministry of Road Transport and Highways) - Andhra Pradesh,2fd607f4-821f-4496-97ee-382d0596fbff,2019-10-01,129,0
299,State/UT-wise Number of Accidents classified under the category of Potholes from 2015 to 2017 (From : Ministry of Road Transport and Highways) - Arunachal Pradesh,3606903f-1e5c-4cda-b088-482d361eb162,2019-09-30,331,0
300,Transport Sector - Outlay and Expenditure under the Plans from 1974-79 to 1992-97,f595f3a3-ebd3-4e27-9361-d9775bc6e6ba,2019-09-20,258,0
301,Number of State Highways declared as New National Highways in Maharashtra State from 2015-16 to 2018-19 (From : Ministry of Road Transport and Highways),9883b9d4-4b2c-4305-967a-4613cdf7021a,2019-09-16,479,0
302,Public Transport Mode Share : Visakhapatnam : 2015 - 2018,0fff079e-c855-477c-bd6a-02d6fb903d62,None,61,0
303,Public Transport mode share : Agra : 2015-18,0adc232a-f3b8-44c1-af25-68af0d7a191f,None,61,0
304,Public Transport Accessibility : Ahmedabad As on Feb 2019,429c75b6-dcde-4a45-873e-2456f55a213c,None,127,0
305,State/UT-wise Total Number of Road Accidents in Rural Areas from 2014 to 2016 (From: Ministry of Road Transport and Highways) - Bihar,ee4f1af9-2d24-443b-8aae-2a0058eb9e9b,None,215,0
306,State/UT-wise Details of Length of National Highways (NHs) Constructed from 2014-15 to 2016-17 (From: Ministry of Road Transport and Highways) - Chhattisgarh,68fe9b05-224d-4b31-a501-8ad3600f2d4a,2019-08-01,348,0
307,State/UT-wise Details of the Central Road Fund (CRF) Accrual and Release from 2014-15 to 2017-18 (From: Ministry of Road Transport and Highways) - Goa,b2c06d09-dab1-45ee-85a7-3a4ebbde465d,2019-08-01,202,0
308,State/UT-wise Total Number of Road Accidents and Persons killed in India from 2014 to 2016 (From: Ministry of Road Transport and Highways) - Gujarat,e3190369-28d2-4898-991d-ea61c2dec2a6,2019-08-01,181,0
309,State/UT-wise Total Number of Road Accidents in India from 2014 to 2016 (From: Ministry of Road Transport & Highways) - Haryana,db0bfd09-6b3e-4f1c-ab2c-9a35ad12140a,2019-08-01,212,0
310,"Year-wise Total Number of Road Accidents and Deaths Classified under the Category of Potholes in the Country and Specifically for the State of Andhra Pradesh, from 2015 to 2017 (From : Ministry of Road Transport and Highways)",6f65e69a-053b-46a7-bab7-709726db3eaf,None,135,0
311,State/UT-wise Total Number of Persons killed in Road Accidents from 2015 to 2017 (From : Ministry of Road Transport and Highways) - Himachal Pradesh,75f3a05c-c6e7-4147-9e38-2d49aef05fbd,2019-07-29,379,0
312,Details of Funds Provided by Government for Development of New National Highways in Maharashtra state from 2015-16 to 2018-19 (From : Ministry of Road Transport and Highways),9d5112ee-6571-47e4-98ef-e968ebe25ebf,2019-07-29,131,0
313,State/UT-wise details of the Proposals Received & Approved for the Maintenance of National Highways during 2018-19 (From : Ministry of Road Transport and Highways) - Jharkhand,ec6ed9ea-3308-4368-9a87-6540cf143199,2019-07-29,449,0
314,State/UT-wise details of Length of National Highways Awarded & Constructed 2015-16 to 2017-18 (From : Ministry of Road Transport and Highways) - Karnataka,b999de9c-3e2e-4e0b-b8b1-435650fe27c0,None,140,0
315,State/UT-wise Total Number of Road Accidents from 2015 to 2017 (From : Ministry of Road Transport and Highways) - Kerala,15aadf47-a895-4a6c-be75-c52eb5212d12,2019-07-29,332,0
316,State/UT-wise Expenditure incurred on National Highway Projects from 2014-15 to 2017-18 (From : Ministry of Road Transport and Highways) - Madhya Pradesh,9a91644f-5161-4175-904a-eaf2fd7a21a3,2019-07-29,339,0
317,State/UT-wise Total Persons Killed under the Category of Pedestrian from 2015 to 2017 (From : Ministry of Road Transport and Highways) - Maharashtra,69a5fc99-3571-4569-8bd0-92ff48df4070,2019-07-29,403,0
318,"Details of Expenditure Incurred by NHAI towards Providing Incident Management Services (Route Patrol, Ambulance and Crane) in NH Stretches in the State of Tamil Nadu from 2015-16 to 2018-19 (From : Ministry of Road Transport and Highways)",0a186f98-5b0b-432e-a964-f0bf3f562932,2019-07-29,181,0
319,Year-wise Allocations of Funds for Development of NHs for the State of Punjab including those undertaken by NHAI from 2014-15 to 2018-19 (From : Ministry of Road Transport and Highways),a4e8c289-a752-4d7b-8d8a-dae5b389939d,2019-07-29,196,0
320,State/UT-wise Details of Fund Allocated/Accrued by Central Road and Infrastructure Fund (CRIF) for Road Projects during 2017-18 and 2018-19 (From : Ministry of Road Transport and Highways) - Manipur,8d215449-5b85-4bb9-bda4-b637becd5de3,2019-07-29,189,0
321,State/UT-wise Details of the Major Projects which are about to get Completed by March 2019 (From : Ministry of Road Transport and Highways) - Meghalaya,f17274ef-4bf3-4390-88ad-4bf80a4d6bd0,2019-07-29,341,0
322,State/UT/Agency/Scheme-wise details of Fund Allocated for Maintenance of National Highways and Expenditure incurred from 2014-15 to 2017-18 (From : Ministry of Road Transport and Highways) - Mizoram,da5140b5-88d6-4417-9f01-5cbad7685f32,2019-07-25,425,0
323,Statewise Details of Allocation and Expenditure for Highway during 2015-16 (From :Ministry of Road Transport And Highways) - Nagaland,677a257c-a550-4f56-a5b0-ab97121fa859,2019-07-02,85,0
324,State/UT-wise Details of the NHs Constructed from 2014-15 to 2016-17 (From: Ministry of Road Transport and Highways) - Odisha,242300a0-0d29-4eb6-b9ef-adb078f64434,2019-05-20,50,0
325,Details of Coal produced and transported by various companies during 2017-18 and 2018-19 (From : Ministry of Coal) - Punjab,793961d5-336b-4d2b-8d97-40339919d347,2019-05-14,56,0
326,State/UT-wise details of accrual/allocation and release of funds under CRF Schemes from 2015-16 to 2017-18 (From : Ministry of Road Transport and Highways) - Rajasthan,2d5e63bf-0f7c-4207-865b-05541fbff972,2019-05-14,306,0
327,Select Indicators of overall performance of State Transport Corporations in Tamil Nadu 2014-15,753148de-8a48-4cdf-bb50-005f23b0e49b,2018-10-03,132,0
328,Passenger Bus Transport Operational Ratios during 1979-80 - Sikkim,ce079691-4354-4a36-9d37-73637b9539e9,2017-09-06,330,0
329,Goods Transport Operational Aggregates during 1979-80 - Tamil Nadu,531360a2-74ae-427f-b8fa-e41e9c202625,2017-09-06,390,0
330,Goods Transport Operational Ratios during 1979-80 - Telangana,cb9a59f9-815b-4948-8dec-61d152ad0f4a,2017-09-06,114,0
331,Percentage Share of Different Modes of Transport in Gross Value Added (GVA) at base year 2011-12 - Tripura,016fa0ed-46fb-4630-b0d5-91271a39e7ed,2017-06-06,363,0
332,State/UT-wise details of road accident deaths by mode of transport during 2014 - Uttar Pradesh,81de5f7d-d110-4c14-a2de-0d471c53f6a0,2017-05-30,124,0
333,Transport Corporations in Tamil Nadu 2014-15,a8b309f5-a33d-47e5-a3f4-e511e30a5900,2018-10-03,62,0
334,Number of Registered Motor Vehicles (Transport & Non-Transport) Uttar Pradesh from 2000-01 to 2001-02,e4fbb9a3-1643-4e18-b46d-b7361609046a,None,415,0
335,State-Wise Number of Toll Plazas in 2015 (From :Ministry of Road Transport And Highways) - Uttarakhand,1b1d569e-be83-4e87-9cec-268650e92751,None,316,0
336,Statement showing toll plaza wise fee collection under public funded tolling during 2015-16(From:Ministry of Road Transport & Highways) - West Bengal,521b5623-59a8-4bfb-8eb3-d032448b5341,None,105,0
337,Revenue from Road Transport from 1972-81 - Andaman and Nicobar Islands,146b95f0-3c14-4610-a76f-af8c80498dcb,2017-09-06,97,0
338,Goods Transport Operational Aggregates as on 31st March 1981 - Chandigarh,8e4b11a5-4703-4532-8dc0-6aa061dcc4ec,2017-08-28,59,0
339,"Category-wise Total Registered Motor Vehicles Transport & Non Transport in Million Plus Cities of India as on 31st March, 2015 - Dadra and Nagar Haveli",4e1b744d-d771-4b8a-a979-522f6c3b721c,2017-08-24,375,0
340,Freight and Passenger Movement by Road Transport from 1999-2000 to 2014-15 - Daman and Diu,de02eb81-a416-4aa9-9503-315953390055,2018-07-06,320,0
341,Passenger Bus Transport Operational Aggregates during 1979-80 - Lakshadweep,72a3ea2c-edbd-423f-8425-9315b4e1fce8,2017-09-06,491,0
342,Number of Registered Motor Vehicles (Transport & Non-Transport) UT: Lakshadweep from 2000-01 to 2001-02,2aa73c4d-4091-4464-81a1-f7ac6045fd8c,2017-09-06,262,0
343,Number of Registered Number of Transport Vehicles In Use (State wise)(As Per Primary Permit Valid as on 31-3-19-1999 & 31-3-2000) - Delhi,13d31d76-9ed0-4a69-9cf0-8f28cda0fbfa,2017-08-28,122,0
344,Total Registered Motor Vehicles categorized as Transport and Non Transport in Million Plus Cities of India as on 31st March 2003 - Puducherry,5e0f5701-7953-4ef6-bc32-f5af8abc14da,2017-08-18,463,0
345,State/UT-wise and Scheme-wise Detail of NH Projects Approved by the Government during 2015 (From: Ministry of Road Transport and Highways) - Ladakh,a1e5933d-c883-4d48-b3eb-1656d3275659,2017-06-09,116,0
346,Performance of All State Transport undertakings in Tamil Nadu 2009-15,64bab20c-4f54-4ff3-8491-a781a839676f,2018-10-03,254,0
347,"Revenue, Road Transport from 1950-51 to 1974-75 - Andhra Pradesh",5d876bbd-59ed-4db5-87c9-d0cbfc8da9da,None,317,0
348,Revenue Realized from Road Transport (States) during 1950-51 to 2012-13 - Arunachal Pradesh,77117fb2-ecc0-4718-901f-3daa8285f047,2017-08-21,397,0
349,Freight and Passenger Movement by Road Transport  and  Railways during 1999-2000 to 2011-12 - Assam,8fce7bc5-42f8-485b-837a-48dc91bad8fb,2017-06-08,277,0
350,Revenue Realized from Road Transport (Centre) during 2009-10 to 2011-12 - Bihar,faae7f62-386f-4e42-92e3-9bd71bf3f1cc,2017-08-21,361,0
351,Total Registered Motor Vehicles categorized as Transport and Non Transport in Million Plus Cities of India as on 31st March 2009 - Chhattisgarh,9d8247cc-42a1-4199-bfa5-5cabb619054f,2017-08-21,170,0
352,New routes introduced by the State Transport undertakings in Tamil Nadu 2014-15,46ee479c-b518-4bb9-8005-d67891b2a997,2018-10-03,234,0
353,Accident prone black spots on national highways from 2011 to 2014 (From: Ministry of Road Transport and Highways) - Goa,371e6df9-0513-4c13-a0f6-c23fcab0cd31,2018-10-12,189,0
354,Road Transport Central Sector_VIII Plan Outlay & Expenditure (Motor Transport Statistics: 1995) - Gujarat,b4b7d0e1-a01d-4f8c-91ba-ec7e0ea73224,2017-09-07,92,0
355,Number of Registered Motor Vehicles (Transport & Non-Transport) UT: Delhi from 2000-01 to 2001-02,acad8bab-04ba-4aa0-98ff-5b2fc0f16d7f,2017-06-30,70,0
356,"Approved Service Providers (Adventure Tour Operators, Domestic Tour Operators, Inbound Tour Operators, Tourist Transport Operators and Travel Agents) as on 12.03.2013 - Haryana",6345e503-4eec-4f14-a3a7-ba2858c26615,2017-05-30,410,0
357,Number of Registered Motor Vehicles (Transport & Non-Transport) Tamil Nadu from 1996-97 to 1997-1998,3c47e97a-8893-4345-b010-98bb06a8410a,2017-09-06,64,0
358,Revenue from Road Transport from 1972-80 - Himachal Pradesh,c2375593-b808-4635-acd6-8f0251e06a05,2017-09-06,252,0
359,Passenger Transport by Rail and Public Sector Road Transport Bus (Excluding the Private Sector) from 1976-77 to 1979-80 - Jharkhand,cf7a7941-aeb2-49a6-8d6c-c9955846780c,2017-09-06,387,0
360,State/UT-wise details of road accident deaths by mode of transport during 2001-2012 - Karnataka,5505b0e7-f8fe-4191-9d68-57107dec2dc4,2017-08-22,316,0
361,Road Transport Outlay and Expenditure During the Period 1998-99 to 2000-01(States Sector) - Kerala,5ad8f567-da1a-4c5b-810b-52e3568930f8,2017-08-18,415,0
362,State-wise Number of PPP Projects under implementation on National Highways for FY 2016-17 (till November) (From:Ministry of Road Transport & Highways) - Madhya Pradesh,bfba2003-3c01-4c0a-8cb1-bc55ec4dc1ef,2017-07-13,364,0
363,State/UT-wise details of road accident deaths by mode of transport during 2013 - Maharashtra,7345b4b0-60ea-49fe-8849-ce11df1326ec,2017-05-30,405,0
